dateandtime,spdK/m,edge,vehDen
2022-12-14 3:2:0,17.06172232006887,658893839,12
2022-12-14 3:2:0,21.091819718107583,675106503,12
2022-12-14 3:2:0,46.99653298592792,765656384#3,12
2022-12-14 3:2:0,49.36922352628094,858935309,12
2022-12-14 3:2:0,50.715132840150126,182371968#2,12
2022-12-14 3:2:0,46.15313500283571,939250965#0,12
2022-12-14 3:2:0,49.41443063065535,940974902#0,12
2022-12-14 3:2:0,49.54808171779315,37718131#0,12
2022-12-14 3:2:0,54.76026908792653,700074885#3,12
2022-12-14 3:2:0,53.31009635405642,32690567#11,12
2022-12-14 3:2:0,49.550285788927134,26203214#4,12
2022-12-14 3:2:0,48.098984508460305,700673538,12
2022-12-14 3:3:0,49.19246069105552,26195744#10,15
2022-12-14 3:3:0,30.640759700417696,32690576#1,15
2022-12-14 3:3:0,42.051493397982235,217280772#4,15
2022-12-14 3:3:0,47.493915552214176,26195270#6,15
2022-12-14 3:3:0,49.117913697820725,765656381#3,15
2022-12-14 3:3:0,52.29850680105508,217280770#2,15
2022-12-14 3:3:0,54.09885493853604,858935302,15
2022-12-14 3:3:0,47.38033441700583,-28616980#0,15
2022-12-14 3:3:0,48.57339699757831,-699695781#0,15
2022-12-14 3:3:0,43.25575888430053,:cluster_6570524706_6570524707_7,15
2022-12-14 3:3:0,48.35752538619689,669890462#1,15
2022-12-14 3:3:0,47.58179035891899,26195767#1,15
2022-12-14 3:3:0,55.519753627414865,28641545#0,15
2022-12-14 3:3:0,48.17473835792756,32690582#0,15
2022-12-14 3:3:0,45.88504825622021,699913212#6,15
2022-12-14 3:4:0,46.876359609572454,669890458#3,12
2022-12-14 3:4:0,51.70577642833458,700673538,12
2022-12-14 3:4:0,22.12198555588536,:8093619956_2,12
2022-12-14 3:4:0,43.829193120458235,26203214#4,12
2022-12-14 3:4:0,48.67375562297778,669890462#13,12
2022-12-14 3:4:0,50.01674098960367,26253884#6,12
2022-12-14 3:4:0,26.054840585515517,-652088553#18,12
2022-12-14 3:4:0,49.81735481126709,26195270#7-AddedOffRampEdge,12
2022-12-14 3:4:0,46.66949663269875,700074885#18,12
2022-12-14 3:4:0,44.64738156136671,699695781#1,12
2022-12-14 3:4:0,50.95917172115422,669890462#13,12
2022-12-14 3:4:0,52.85818668924247,217280772#4,12
2022-12-14 3:5:0,45.70828690490896,669890458#10,11
2022-12-14 3:5:0,23.927208381626606,-253052071#2,11
2022-12-14 3:5:0,43.80803300330732,28582639#7,11
2022-12-14 3:5:0,45.89530270410616,700675428,11
2022-12-14 3:5:0,15.608356334079444,37718131#0,11
2022-12-14 3:5:0,21.842964465895427,25584642,11
2022-12-14 3:5:0,45.67290617617388,32690553#2,11
2022-12-14 3:5:0,48.45231832570942,52244427#10,11
2022-12-14 3:5:0,49.408092184347424,669890458#1-AddedOnRampEdge,11
2022-12-14 3:5:0,55.2878908741981,885948880#3,11
2022-12-14 3:5:0,52.25195571643666,25584650#2,11
2022-12-14 3:6:0,44.08417010607112,700673538,10
2022-12-14 3:6:0,47.17815154836179,25746572#4,10
2022-12-14 3:6:0,44.21334210363758,850927453#1,10
2022-12-14 3:6:0,41.304376049232154,700074885#23-AddedOffRampEdge,10
2022-12-14 3:6:0,48.58108435437629,885610134#4,10
2022-12-14 3:6:0,50.68040423912833,37718131#0,10
2022-12-14 3:6:0,47.53907885167873,564577984#2,10
2022-12-14 3:6:0,55.69371456684025,41669755#2,10
2022-12-14 3:6:0,48.05242241759219,40579529#1,10
2022-12-14 3:6:0,46.20122248633098,669890458#12,10
2022-12-14 3:7:0,44.7324919721755,217280770#4,15
2022-12-14 3:7:0,44.61118471332492,772236620#4,15
2022-12-14 3:7:0,48.91138888535768,:6570524744_3,15
2022-12-14 3:7:0,43.61859107886051,850927457,15
2022-12-14 3:7:0,39.78968817750407,28582639#7,15
2022-12-14 3:7:0,42.578623275313284,28582639#5,15
2022-12-14 3:7:0,45.324475765240926,885948880#2,15
2022-12-14 3:7:0,0.0,-26253870#7,15
2022-12-14 3:7:0,44.52668006332205,819202035,15
2022-12-14 3:7:0,47.5659955846695,26195767#1,15
2022-12-14 3:7:0,46.20504219190788,32691445#4,15
2022-12-14 3:7:0,24.544491872562258,:280773601_4,15
2022-12-14 3:7:0,25.134128293769535,234806528#0,15
2022-12-14 3:7:0,44.610507106554515,26264286#0,15
2022-12-14 3:7:0,36.760212609172854,-32691996#4,15
2022-12-14 3:8:0,13.31812705778517,:8285673790_0,11
2022-12-14 3:8:0,51.12124569164337,858935315,11
2022-12-14 3:8:0,43.03748500798439,564577984#4,11
2022-12-14 3:8:0,43.618227482805445,28582639#11,11
2022-12-14 3:8:0,40.374967255819335,28582639#7-AddedOffRampEdge,11
2022-12-14 3:8:0,43.01874505431726,:cluster_284142560_492400840_8768432608_8768432610_0,11
2022-12-14 3:8:0,50.927905071757756,700074885#11,11
2022-12-14 3:8:0,47.13775183532001,939250965#0,11
2022-12-14 3:8:0,48.040260661445664,-26253995#0,11
2022-12-14 3:8:0,52.02477065625675,37711813#3,11
2022-12-14 3:8:0,44.671627034961055,669890458#18,11
2022-12-14 3:9:0,51.9336912234423,772236620#3,10
2022-12-14 3:9:0,36.04244391138992,32226001#4,10
2022-12-14 3:9:0,50.74001347344116,858935309,10
2022-12-14 3:9:0,5.129222485776991,28641433#1,10
2022-12-14 3:9:0,40.17425524526624,652130052,10
2022-12-14 3:9:0,45.27145413018166,32659640#2,10
2022-12-14 3:9:0,32.265829514544656,:287924311_3,10
2022-12-14 3:9:0,44.974610554162275,:492513790_1,10
2022-12-14 3:9:0,55.07972031224593,858935315,10
2022-12-14 3:9:0,44.89116686265618,-32691996#1,10
2022-12-14 3:10:0,49.29484294088719,772236620#14,10
2022-12-14 3:10:0,48.5268472303518,765656381#5,10
2022-12-14 3:10:0,52.108863774000014,765656383#0,10
2022-12-14 3:10:0,40.34422507914131,858915972#4,10
2022-12-14 3:10:0,0.0,-25746588#11,10
2022-12-14 3:10:0,46.35358609281815,52244427#0,10
2022-12-14 3:10:0,43.11193069696908,-32692020#2,10
2022-12-14 3:10:0,54.78257414176203,858935309,10
2022-12-14 3:10:0,46.90399159032923,26195719#4,10
2022-12-14 3:10:0,44.302005461036785,-182371966#2,10
2022-12-14 3:11:0,49.04290307393459,37099917#5,8
2022-12-14 3:11:0,39.51156044314179,:819585395#14-AddedOffRampNode_0,8
2022-12-14 3:11:0,49.805800773829496,858935302,8
2022-12-14 3:11:0,40.962011531343435,:cluster_284142560_492400840_8768432608_8768432610_2,8
2022-12-14 3:11:0,45.28820297615581,26203214#4,8
2022-12-14 3:11:0,52.13261059369035,765656384#1,8
2022-12-14 3:11:0,44.93376205475141,:669890458#1-AddedOnRampNode_0,8
2022-12-14 3:11:0,53.67039013761602,:885610134#3-AddedOnRampNode_0,8
2022-12-14 3:12:0,52.041184799011546,858935315,7
2022-12-14 3:12:0,45.387552539145034,28495635#6,7
2022-12-14 3:12:0,47.87316742355218,858915973#2-AddedOnRampEdge,7
2022-12-14 3:12:0,45.68076692813985,701104139#4,7
2022-12-14 3:12:0,44.76399399524626,32691445#1,7
2022-12-14 3:12:0,45.86248001289305,650714381#5,7
2022-12-14 3:12:0,48.00177493849276,858935302,7
2022-12-14 3:13:0,47.75289055776944,-25584640#1,9
2022-12-14 3:13:0,44.52745197018368,52299519,9
2022-12-14 3:13:0,53.952497627204195,890774197#1,9
2022-12-14 3:13:0,12.820964806219564,-37796191#0,9
2022-12-14 3:13:0,49.51994058610154,:6287791510_0,9
2022-12-14 3:13:0,49.2734215169491,700673538,9
2022-12-14 3:13:0,31.147837024314967,650714381#5,9
2022-12-14 3:13:0,44.60542704595936,:330056174_7,9
2022-12-14 3:13:0,46.65374102619915,26195270#7-AddedOffRampEdge,9
2022-12-14 3:14:0,49.873773343503764,320375616#1,9
2022-12-14 3:14:0,42.51954071338735,-363326181#0,9
2022-12-14 3:14:0,55.05235356037496,26203214#3-AddedOnRampEdge,9
2022-12-14 3:14:0,47.66326503481812,25584525#3,9
2022-12-14 3:14:0,37.16100376530943,699904383#0,9
2022-12-14 3:14:0,45.82784882926361,888807595#1-AddedOnRampEdge,9
2022-12-14 3:14:0,15.333155063660813,-652088553#11,9
2022-12-14 3:14:0,41.06695812333597,699863679#5,9
2022-12-14 3:14:0,45.02565605337239,858935309,9
2022-12-14 3:15:0,47.13571939823959,765656384#1,10
2022-12-14 3:15:0,47.13167330623261,858915973#2,10
2022-12-14 3:15:0,45.12904484070679,37099917#4,10
2022-12-14 3:15:0,34.82129437726549,940974902#0-AddedOffRampEdge,10
2022-12-14 3:15:0,28.946750836146247,:cluster_278875048_367215316_6574844029_6574844030_2,10
2022-12-14 3:15:0,42.42011578201045,890774197#1,10
2022-12-14 3:15:0,50.26545294197372,28582639#9-AddedOnRampEdge,10
2022-12-14 3:15:0,36.90944018193913,894550195#2,10
2022-12-14 3:15:0,51.31182972574336,28582639#5,10
2022-12-14 3:15:0,30.76803709301455,:8771565283_0,10
2022-12-14 3:16:0,47.397372451962866,26195270#4,15
2022-12-14 3:16:0,51.28747657874255,37711813#3,15
2022-12-14 3:16:0,45.80910164599148,858915972#1,15
2022-12-14 3:16:0,34.84882346724311,-182371959#2,15
2022-12-14 3:16:0,34.64905223735235,939250966#10,15
2022-12-14 3:16:0,47.64751327431187,700673538,15
2022-12-14 3:16:0,41.977361055358394,26203214#1,15
2022-12-14 3:16:0,49.88100240001551,939250966#3,15
2022-12-14 3:16:0,46.16942730895825,25746632#5,15
2022-12-14 3:16:0,37.18593986144682,182371966#5,15
2022-12-14 3:16:0,50.09985982975652,26195270#3,15
2022-12-14 3:16:0,32.85842361279993,32691782#1,15
2022-12-14 3:16:0,33.910873864637686,699926120#2,15
2022-12-14 3:16:0,43.44864697914197,858935309,15
2022-12-14 3:16:0,44.98504201873644,-217280781#3,15
2022-12-14 3:17:0,46.216774824427716,671744652#4,19
2022-12-14 3:17:0,48.96343154916636,765656384#1,19
2022-12-14 3:17:0,33.90459837163425,885948880#0,19
2022-12-14 3:17:0,29.414526405147964,:6572827979_2,19
2022-12-14 3:17:0,49.53344444328345,883292352#1,19
2022-12-14 3:17:0,47.175516278010164,700074885#13,19
2022-12-14 3:17:0,48.76634804978241,-215628990#1,19
2022-12-14 3:17:0,41.71285600317371,:7937914219_0,19
2022-12-14 3:17:0,42.80432056998636,-215629009#2,19
2022-12-14 3:17:0,47.61102557373329,939250965#0,19
2022-12-14 3:17:0,48.449538406446806,699691940#4,19
2022-12-14 3:17:0,46.732384051227996,-26253962#2,19
2022-12-14 3:17:0,26.13648724068914,26253870#5,19
2022-12-14 3:17:0,52.25487156865848,858915973#2-AddedOnRampEdge,19
2022-12-14 3:17:0,32.65811571760333,654745276#0,19
2022-12-14 3:17:0,47.622245404821626,669890462#4,19
2022-12-14 3:17:0,46.4435727154985,-26729390#4,19
2022-12-14 3:17:0,43.38503620051146,-182371956#3,19
2022-12-14 3:17:0,45.90921231135858,694211551#1-AddedOnRampEdge,19
2022-12-14 3:18:0,46.05463907164363,765656381#3,20
2022-12-14 3:18:0,50.85634373606278,26195270#4,20
2022-12-14 3:18:0,35.80004598390869,25584650#2,20
2022-12-14 3:18:0,49.31308911085256,:8285673807_0,20
2022-12-14 3:18:0,50.32654812827133,859375452,20
2022-12-14 3:18:0,23.27434391447798,868307292,20
2022-12-14 3:18:0,47.7729337062521,28582639#7,20
2022-12-14 3:18:0,39.63961078935032,32690553#5,20
2022-12-14 3:18:0,43.916744737817375,850927457,20
2022-12-14 3:18:0,44.38115962934501,-29982385#3,20
2022-12-14 3:18:0,44.80218896791716,41336031#8,20
2022-12-14 3:18:0,51.58329064352167,37711813#3,20
2022-12-14 3:18:0,36.22188862423642,25584650#1,20
2022-12-14 3:18:0,47.62565423490367,25584538#2,20
2022-12-14 3:18:0,41.24976535654725,-182371968#6,20
2022-12-14 3:18:0,32.10896220220591,:cluster_314796636_6568207664_6568207666_16,20
2022-12-14 3:18:0,28.423980968647445,28582639#2,20
2022-12-14 3:18:0,49.45590415813782,-26195744#2,20
2022-12-14 3:18:0,25.906079314078003,:8771565273_0,20
2022-12-14 3:18:0,35.51072579639423,:cluster_6572827966_6572827967_12,20
2022-12-14 3:19:0,8.279760656170387,182371965#4,20
2022-12-14 3:19:0,42.17055658156025,32690678#1,20
2022-12-14 3:19:0,37.01980934328957,699691940#10-AddedOffRampEdge,20
2022-12-14 3:19:0,50.87040848586135,819221586#1,20
2022-12-14 3:19:0,48.58524323620119,28582639#7,20
2022-12-14 3:19:0,47.36389099901748,32226001#4,20
2022-12-14 3:19:0,31.51343508095048,25584566#0,20
2022-12-14 3:19:0,46.733495622525396,669890458#1-AddedOnRampEdge,20
2022-12-14 3:19:0,34.72837913042744,182371968#1,20
2022-12-14 3:19:0,45.52178456160193,699693682#3,20
2022-12-14 3:19:0,34.74667670599415,858935315,20
2022-12-14 3:19:0,39.15224164982388,-38329665#5,20
2022-12-14 3:19:0,50.66022941047906,25584538#2,20
2022-12-14 3:19:0,44.54129351625775,765656384#3,20
2022-12-14 3:19:0,42.72801596363564,-32692020#6,20
2022-12-14 3:19:0,50.60208824540672,26203214#1,20
2022-12-14 3:19:0,43.082628833753986,-25746624#3,20
2022-12-14 3:19:0,43.82465764385015,858935302,20
2022-12-14 3:19:0,44.09854318709073,37711813#3,20
2022-12-14 3:19:0,17.43855053374076,32691720#2,20
2022-12-14 3:20:0,46.42281691738621,32226001#5,13
2022-12-14 3:20:0,45.17561705089773,669890458#7-AddedOffRampEdge,13
2022-12-14 3:20:0,46.292423187231705,858935302,13
2022-12-14 3:20:0,55.134676387399836,32659824#0,13
2022-12-14 3:20:0,47.887528888953035,32691832#6,13
2022-12-14 3:20:0,34.75091431862904,858935309,13
2022-12-14 3:20:0,47.92675284042223,669890458#1,13
2022-12-14 3:20:0,42.253386309641094,765656381#3,13
2022-12-14 3:20:0,53.033877665909216,28582639#9,13
2022-12-14 3:20:0,43.9110981996413,700074885#17,13
2022-12-14 3:20:0,51.682673069985555,700675428,13
2022-12-14 3:20:0,39.47712139434479,652130052,13
2022-12-14 3:20:0,45.5340035777303,858935315,13
2022-12-14 3:21:0,55.377951905968985,765656381#3,17
2022-12-14 3:21:0,38.058118906809526,940974903#12,17
2022-12-14 3:21:0,37.289563961518056,-215628968#0,17
2022-12-14 3:21:0,44.05480977173563,-37796191#0,17
2022-12-14 3:21:0,39.10947091390909,858913992#0,17
2022-12-14 3:21:0,51.993867369700624,858935309,17
2022-12-14 3:21:0,27.67040139953603,:cluster_6570524682_6570524683_3,17
2022-12-14 3:21:0,38.036989899252326,26253870#4,17
2022-12-14 3:21:0,35.207040653501146,765656381#3,17
2022-12-14 3:21:0,45.6889456529004,858915973#1-AddedOnRampEdge,17
2022-12-14 3:21:0,42.29874441195341,858935302,17
2022-12-14 3:21:0,44.20539137997321,-215628990#1,17
2022-12-14 3:21:0,51.63406755067988,:456348661_2,17
2022-12-14 3:21:0,28.110295551685716,:cluster_278875048_367215316_6574844029_6574844030_7,17
2022-12-14 3:21:0,50.875103179097145,700673538,17
2022-12-14 3:21:0,43.77275709035174,25584650#3,17
2022-12-14 3:21:0,48.12437476756485,858935309,17
2022-12-14 3:22:0,51.50165742768851,650714381#5-AddedOffRampEdge,15
2022-12-14 3:22:0,37.34431955999373,940974903#3-AddedOnRampEdge,15
2022-12-14 3:22:0,39.33914170657879,26202694#2,15
2022-12-14 3:22:0,55.236186636021756,765656381#5,15
2022-12-14 3:22:0,49.64055377988809,858935315,15
2022-12-14 3:22:0,32.53580714466982,26206348#0,15
2022-12-14 3:22:0,56.282896309135936,38071249#0,15
2022-12-14 3:22:0,47.707815514739735,858935315,15
2022-12-14 3:22:0,40.59001313042888,:2349727153_0,15
2022-12-14 3:22:0,44.56114495024672,28582639#5,15
2022-12-14 3:22:0,51.40400878499222,858935316,15
2022-12-14 3:22:0,56.43238706355014,923323988,15
2022-12-14 3:22:0,50.02320776520481,883292352#0,15
2022-12-14 3:22:0,41.16437482859306,-363326175#5,15
2022-12-14 3:22:0,28.586081656298408,:8771565273_0,15
2022-12-14 3:23:0,52.63561892746134,:443380037_2,19
2022-12-14 3:23:0,13.746979118385937,699904389#1,19
2022-12-14 3:23:0,39.989475315629086,939250978#1,19
2022-12-14 3:23:0,41.23513661387971,669890458#3,19
2022-12-14 3:23:0,49.96831189083562,28582639#13,19
2022-12-14 3:23:0,29.517350393852116,650714381#7,19
2022-12-14 3:23:0,47.374305433935604,28582639#9,19
2022-12-14 3:23:0,50.081104945100705,217280770#5,19
2022-12-14 3:23:0,57.5009086062149,885610134#4,19
2022-12-14 3:23:0,44.6161722109673,858935309,19
2022-12-14 3:23:0,45.33763303997482,-32692001#3,19
2022-12-14 3:23:0,40.18129614495734,858915973#2-AddedOnRampEdge,19
2022-12-14 3:23:0,41.941413852690076,:28582639#9-AddedOnRampNode_0,19
2022-12-14 3:23:0,50.13540682928597,858935315,19
2022-12-14 3:23:0,55.289528689952874,29982444#3,19
2022-12-14 3:23:0,49.049704404399016,772236620#5,19
2022-12-14 3:23:0,18.281891800164985,:6570524749_5,19
2022-12-14 3:23:0,46.594828541393774,32692554,19
2022-12-14 3:23:0,46.54139297403829,178336809#9,19
2022-12-14 3:24:0,51.10142854011485,906984715#1,18
2022-12-14 3:24:0,53.1707272860699,890774197#1,18
2022-12-14 3:24:0,37.55819130990333,940974902#0,18
2022-12-14 3:24:0,39.591960162777816,858915973#1-AddedOnRampEdge,18
2022-12-14 3:24:0,34.84598878079064,217280771#1,18
2022-12-14 3:24:0,53.78380755108476,939250965#0,18
2022-12-14 3:24:0,52.884259703375506,:314795352_4,18
2022-12-14 3:24:0,40.30158109408804,32690631#3,18
2022-12-14 3:24:0,49.86886900112764,:cluster_278875048_367215316_6574844029_6574844030_6,18
2022-12-14 3:24:0,28.34683958038721,:8771565283_0,18
2022-12-14 3:24:0,42.72385511228371,28582639#13,18
2022-12-14 3:24:0,39.137444407949836,25746638#2,18
2022-12-14 3:24:0,44.498425845491056,939250966#3,18
2022-12-14 3:24:0,49.98767333644402,858935309,18
2022-12-14 3:24:0,34.248083576989,671752494,18
2022-12-14 3:24:0,46.68713924879694,37711813#6,18
2022-12-14 3:24:0,45.7223247502124,-28641593#0,18
2022-12-14 3:24:0,18.81803561783915,859375457#4,18
2022-12-14 3:25:0,49.942280351769725,-26520995,16
2022-12-14 3:25:0,27.20820596138351,26203214#1,16
2022-12-14 3:25:0,41.19180312760784,939250966#10,16
2022-12-14 3:25:0,40.00237391342072,858935315,16
2022-12-14 3:25:0,27.714292481300365,32690553#2,16
2022-12-14 3:25:0,50.935593774017626,-699921235#4,16
2022-12-14 3:25:0,54.12007475140702,858935302,16
2022-12-14 3:25:0,40.00053541330621,320375616#1,16
2022-12-14 3:25:0,51.90664498217203,-32659807#0,16
2022-12-14 3:25:0,43.172994138696446,939250966#10-AddedOnRampEdge,16
2022-12-14 3:25:0,28.525346493875876,35458360,16
2022-12-14 3:25:0,47.732761203813894,-182371966#4,16
2022-12-14 3:25:0,47.660572506916,41336031#12,16
2022-12-14 3:25:0,44.20256179982351,41336031#0-AddedOnRampEdge,16
2022-12-14 3:25:0,38.993501073637525,772236620#14,16
2022-12-14 3:25:0,46.610059649569635,675093183#2,16
2022-12-14 3:26:0,52.055874680486745,700675428,17
2022-12-14 3:26:0,47.773618189586436,-182371965#4,17
2022-12-14 3:26:0,46.98091971975276,894550194#3,17
2022-12-14 3:26:0,48.70013688261187,25584623,17
2022-12-14 3:26:0,39.41813105050153,-32691996#1,17
2022-12-14 3:26:0,38.807179338751716,858935309,17
2022-12-14 3:26:0,48.67999100939625,-32659807#0,17
2022-12-14 3:26:0,51.251962466381606,25584535#5,17
2022-12-14 3:26:0,40.93927879985423,671744652#2,17
2022-12-14 3:26:0,49.94645787250982,669890458#3,17
2022-12-14 3:26:0,41.67281339457746,819585395#1,17
2022-12-14 3:26:0,49.88759278695059,819221586#2-AddedOnRampEdge,17
2022-12-14 3:26:0,34.89695304281966,37718132#6,17
2022-12-14 3:26:0,45.81875559080453,858935309,17
2022-12-14 3:26:0,39.403290406189406,:286833780_0,17
2022-12-14 3:26:0,50.094228028640316,32691689#2,17
2022-12-14 3:26:0,46.824143757292454,947628162#0,17
2022-12-14 3:27:0,49.90372805177351,700673538,16
2022-12-14 3:27:0,54.15735416902368,772236620#9,16
2022-12-14 3:27:0,1.7742879025522584,:8771565283_0,16
2022-12-14 3:27:0,47.123822406805026,182371966#3,16
2022-12-14 3:27:0,47.61769154500715,939250966#7,16
2022-12-14 3:27:0,14.981423966037111,:416998089_11,16
2022-12-14 3:27:0,38.6853342176102,765656381#3,16
2022-12-14 3:27:0,46.00230440397576,:7937028010_1,16
2022-12-14 3:27:0,50.23919093576615,-25746588#11,16
2022-12-14 3:27:0,42.68586851539091,858935309,16
2022-12-14 3:27:0,51.18372857289189,37099139#5,16
2022-12-14 3:27:0,23.62538396053531,40579529#1,16
2022-12-14 3:27:0,34.41557388346598,25746588#7,16
2022-12-14 3:27:0,41.36285529392247,765656381#3,16
2022-12-14 3:27:0,35.61540008487507,41336031#15,16
2022-12-14 3:27:0,27.259493377177776,:cluster_3675027604_6570524709_4,16
2022-12-14 3:28:0,20.124944555944737,-253052071#3,15
2022-12-14 3:28:0,54.36722251402353,37099917#2,15
2022-12-14 3:28:0,47.579263836914784,652088553#2,15
2022-12-14 3:28:0,46.49897477861488,859375457#5,15
2022-12-14 3:28:0,49.364230945552606,26253870#1,15
2022-12-14 3:28:0,45.160479569794,939250965#0,15
2022-12-14 3:28:0,44.626502200378546,32691832#5,15
2022-12-14 3:28:0,40.678115454526974,650714381#5-AddedOffRampEdge,15
2022-12-14 3:28:0,19.586681901229255,819585396,15
2022-12-14 3:28:0,26.208656158155794,-182371966#4,15
2022-12-14 3:28:0,43.721587489176216,32691832#8,15
2022-12-14 3:28:0,36.21061912978024,669890458#3,15
2022-12-14 3:28:0,46.210256101065966,-215628990#1,15
2022-12-14 3:28:0,49.036720567327606,-28826000#9,15
2022-12-14 3:28:0,37.70861910238258,26195744#1,15
2022-12-14 3:29:0,37.076589240042686,:3675027608_4,12
2022-12-14 3:29:0,58.13175495400232,858915972#1,12
2022-12-14 3:29:0,29.009657438722833,-652088553#18,12
2022-12-14 3:29:0,48.1618856651056,650714381#4,12
2022-12-14 3:29:0,47.496141670369866,699921234#1,12
2022-12-14 3:29:0,25.5675519399885,:492513790_0,12
2022-12-14 3:29:0,48.883016397532224,939250973,12
2022-12-14 3:29:0,40.84159332278184,940974903#8,12
2022-12-14 3:29:0,37.82153122984288,:6474887550_0,12
2022-12-14 3:29:0,33.37211721556217,669890458#10-AddedOnRampEdge,12
2022-12-14 3:29:0,46.218929203036886,28582639#5,12
2022-12-14 3:29:0,51.209626536143034,26206377#6,12
2022-12-14 3:30:0,38.13092412502711,37711813#5-AddedOffRampEdge,10
2022-12-14 3:30:0,52.89395912603576,671744652#2-AddedOnRampEdge,10
2022-12-14 3:30:0,22.77235384475169,37789114,10
2022-12-14 3:30:0,38.92947475813847,705357186#1,10
2022-12-14 3:30:0,41.70436187490821,28582639#9,10
2022-12-14 3:30:0,46.403184869013415,958778139#0-AddedOnRampEdge,10
2022-12-14 3:30:0,34.88644695061027,-182371965#1,10
2022-12-14 3:30:0,37.02035920168229,26026810#2,10
2022-12-14 3:30:0,45.45256101869577,28582639#11,10
2022-12-14 3:30:0,40.71438803676712,:6572611856_0,10
2022-12-14 3:31:0,38.348928016239974,958778139#0-AddedOnRampEdge,10
2022-12-14 3:31:0,54.654777345248576,765656381#3,10
2022-12-14 3:31:0,40.02580061842561,654745276#2,10
2022-12-14 3:31:0,50.7426286847886,:313957974_6,10
2022-12-14 3:31:0,45.872943498544515,858935309,10
2022-12-14 3:31:0,46.71844726130708,939250978#1,10
2022-12-14 3:31:0,50.58022287502447,700074885#23-AddedOffRampEdge,10
2022-12-14 3:31:0,47.16141162859807,700074885#0-AddedOnRampEdge,10
2022-12-14 3:31:0,40.609703356476594,859375453,10
2022-12-14 3:31:0,46.38761576251759,26203214#1-AddedOnRampEdge,10
2022-12-14 3:32:0,43.09494813950864,700074885#23-AddedOffRampEdge,9
2022-12-14 3:32:0,43.812105525560796,765656381#3,9
2022-12-14 3:32:0,47.306736307538735,940974902#0-AddedOffRampEdge,9
2022-12-14 3:32:0,53.51304088163683,28582639#7,9
2022-12-14 3:32:0,47.29333474065708,38071249#3,9
2022-12-14 3:32:0,41.59119147312092,217281228,9
2022-12-14 3:32:0,24.848761948358803,:2265599316_0,9
2022-12-14 3:32:0,44.3031446153175,26203214#4-AddedOffRampEdge,9
2022-12-14 3:32:0,48.799920720652935,25584589#6,9
2022-12-14 3:33:0,34.41762101403702,-38329665#0,13
2022-12-14 3:33:0,21.028790754675864,26221563#0,13
2022-12-14 3:33:0,40.14076438166713,650705746,13
2022-12-14 3:33:0,48.12868313245799,858915972#3,13
2022-12-14 3:33:0,42.60630140946378,25584589#5,13
2022-12-14 3:33:0,47.050715154217244,37789106,13
2022-12-14 3:33:0,42.67597229093403,234806527#0,13
2022-12-14 3:33:0,39.92663268015916,888807595#1-AddedOnRampEdge,13
2022-12-14 3:33:0,34.960687752770006,:2251061902_0,13
2022-12-14 3:33:0,50.44781120962344,:8010531647_3,13
2022-12-14 3:33:0,32.134325712711345,765656381#1,13
2022-12-14 3:33:0,44.86981948848515,:7937930814_0,13
2022-12-14 3:33:0,26.421303801446584,652036314,13
2022-12-14 3:34:0,38.51740900649022,:314796306_0,12
2022-12-14 3:34:0,46.356528488685974,26195744#8,12
2022-12-14 3:34:0,37.37724210618576,858935302,12
2022-12-14 3:34:0,47.21892743661392,858935309,12
2022-12-14 3:34:0,48.907315599007354,32691445#8,12
2022-12-14 3:34:0,43.06299038159793,669890462#15,12
2022-12-14 3:34:0,46.351417102127954,700074885#11,12
2022-12-14 3:34:0,44.46015018613167,25584650#1,12
2022-12-14 3:34:0,54.22096158179597,669890458#7,12
2022-12-14 3:34:0,49.02178028434396,858935302,12
2022-12-14 3:34:0,47.19969618146316,-38071762#1,12
2022-12-14 3:34:0,45.682806773965055,29982808#3,12
2022-12-14 3:35:0,35.46862172613184,675093183#0,14
2022-12-14 3:35:0,47.33271163620021,669890458#1-AddedOnRampEdge,14
2022-12-14 3:35:0,41.64062371248892,:26195270#6-AddedOffRampNode_0,14
2022-12-14 3:35:0,49.706367216085525,765656381#5,14
2022-12-14 3:35:0,48.555298071926195,:cluster_6135315457_6570524667_6570524668_1,14
2022-12-14 3:35:0,48.733291689438566,25746621#3,14
2022-12-14 3:35:0,43.901918372364165,25746572#2,14
2022-12-14 3:35:0,35.196317005748874,:8771565221_5,14
2022-12-14 3:35:0,56.31136522282193,700074885#20,14
2022-12-14 3:35:0,54.93198063822207,669890462#15,14
2022-12-14 3:35:0,42.48000217965894,858935315,14
2022-12-14 3:35:0,55.726988993642415,669890458#19,14
2022-12-14 3:35:0,52.32287590028599,669890462#13,14
2022-12-14 3:35:0,46.06406091478354,-217280772#5,14
2022-12-14 3:36:0,46.37913739433478,32691445#1,15
2022-12-14 3:36:0,38.36910678803502,669890462#13,15
2022-12-14 3:36:0,47.70072749463233,-28826000#6,15
2022-12-14 3:36:0,29.248180690076797,26253959#2,15
2022-12-14 3:36:0,49.50746742413547,:6574850841_0,15
2022-12-14 3:36:0,40.747765997733374,25746572#6,15
2022-12-14 3:36:0,50.07564997103477,669984031#0,15
2022-12-14 3:36:0,47.08185233137049,859375452,15
2022-12-14 3:36:0,13.032306679222492,-32691996#0,15
2022-12-14 3:36:0,46.66241237958814,-32691720#2,15
2022-12-14 3:36:0,48.78896418515762,362240145#0,15
2022-12-14 3:36:0,53.91365972581995,:2251061645_0,15
2022-12-14 3:36:0,41.35234628018082,858935309,15
2022-12-14 3:36:0,45.924864424792084,217280772#3,15
2022-12-14 3:36:0,49.373322799958956,669890458#1-AddedOnRampEdge,15
2022-12-14 3:37:0,45.2871824556092,-658857455,10
2022-12-14 3:37:0,41.74102064219816,669890458#1,10
2022-12-14 3:37:0,43.156045583040836,772236620#6,10
2022-12-14 3:37:0,47.934776074946306,819221586#3,10
2022-12-14 3:37:0,39.6176282577032,700074885#0-AddedOnRampEdge,10
2022-12-14 3:37:0,44.29574951511898,26206307#0-AddedOffRampEdge,10
2022-12-14 3:37:0,47.321718675055315,885948880#4,10
2022-12-14 3:37:0,41.63769666351807,-26202643#1,10
2022-12-14 3:37:0,44.98472054711446,700074885#23-AddedOffRampEdge,10
2022-12-14 3:37:0,39.86873320732516,25746572#4,10
2022-12-14 3:38:0,48.0242662051431,700084841#3,13
2022-12-14 3:38:0,48.397368059940085,-670655027#1,13
2022-12-14 3:38:0,37.88151328502735,564577984#1,13
2022-12-14 3:38:0,55.3012675438175,28582639#5,13
2022-12-14 3:38:0,51.17799414865847,885610134#11,13
2022-12-14 3:38:0,44.37883336699046,819202035,13
2022-12-14 3:38:0,43.79594279062093,699863679#5,13
2022-12-14 3:38:0,52.2755143808729,-363326175#1,13
2022-12-14 3:38:0,38.36070804516282,-215628990#2,13
2022-12-14 3:38:0,45.757255891728185,28582639#7,13
2022-12-14 3:38:0,41.55383344965113,32692554,13
2022-12-14 3:38:0,49.073064508204084,772236620#3,13
2022-12-14 3:38:0,26.37310654050094,:cluster_278876633_6574844056_9,13
2022-12-14 3:39:0,47.42942295741235,940974905#1,13
2022-12-14 3:39:0,44.11934864573108,772236620#7,13
2022-12-14 3:39:0,41.16085698775528,-26195744#10,13
2022-12-14 3:39:0,55.01017542711515,26195270#3,13
2022-12-14 3:39:0,44.24766749995239,819202035,13
2022-12-14 3:39:0,29.193689655324633,:6287791510_3,13
2022-12-14 3:39:0,43.79180934831017,:178336809#7-AddedOnRampNode_0,13
2022-12-14 3:39:0,41.40993497863841,701104139#3,13
2022-12-14 3:39:0,61.15957162264645,894550197#3,13
2022-12-14 3:39:0,43.597903865984605,28582639#11,13
2022-12-14 3:39:0,45.20732223084189,37711813#3,13
2022-12-14 3:39:0,41.1551259544125,-28641593#0,13
2022-12-14 3:39:0,48.01863256216376,858935309,13
2022-12-14 3:40:0,22.536990908247603,:cluster_276611979_367870746_6574844032_6574844033_5,13
2022-12-14 3:40:0,45.05479878978749,940974903#8,13
2022-12-14 3:40:0,52.80244213660304,858915973#2-AddedOnRampEdge,13
2022-12-14 3:40:0,46.75194248667397,939250973-AddedOffRampEdge,13
2022-12-14 3:40:0,49.98499516384175,32659640#2,13
2022-12-14 3:40:0,44.808319187123715,26729390#1,13
2022-12-14 3:40:0,44.30229233899601,765656383#0-AddedOffRampEdge,13
2022-12-14 3:40:0,38.36486021636483,700673538,13
2022-12-14 3:40:0,55.85543847764375,894550194#3,13
2022-12-14 3:40:0,59.5452144496134,182371966#0,13
2022-12-14 3:40:0,45.92372731560745,939250966#10-AddedOnRampEdge,13
2022-12-14 3:40:0,44.71886549716808,858915972#1,13
2022-12-14 3:40:0,51.85741058028629,765656381#5,13
2022-12-14 3:41:0,37.51168802583208,25584538#2,12
2022-12-14 3:41:0,7.043675599638373,38071249#3,12
2022-12-14 3:41:0,37.54342335014042,37718132#3,12
2022-12-14 3:41:0,31.24607927095733,:cluster_3675027611_6135315657_4,12
2022-12-14 3:41:0,51.44968686924373,669890458#14,12
2022-12-14 3:41:0,49.57681156404747,939250966#0-AddedOffRampEdge,12
2022-12-14 3:41:0,43.274116209731254,26195270#4,12
2022-12-14 3:41:0,51.8465643906244,37718130#2,12
2022-12-14 3:41:0,39.051036282111525,652096512#0,12
2022-12-14 3:41:0,31.964370102885468,947628159#3,12
2022-12-14 3:41:0,58.979772799070034,-28616980#0,12
2022-12-14 3:41:0,42.809699409016375,819585395#1-AddedOnRampEdge,12
2022-12-14 3:42:0,48.76242411005285,652130052,11
2022-12-14 3:42:0,49.388111158381015,885610134#4-AddedOffRampEdge,11
2022-12-14 3:42:0,47.27928979949378,25746577#3,11
2022-12-14 3:42:0,34.71477956977112,26203214#4,11
2022-12-14 3:42:0,49.85788620125821,-32691357#3,11
2022-12-14 3:42:0,45.586327528780906,693684932#3,11
2022-12-14 3:42:0,26.00479906015014,-32692020#7,11
2022-12-14 3:42:0,48.22479848407441,858915973#1-AddedOnRampEdge,11
2022-12-14 3:42:0,56.05337937208356,858935302,11
2022-12-14 3:42:0,0.0,26253962#7,11
2022-12-14 3:42:0,50.50795590415925,765656384#1,11
2022-12-14 3:43:0,47.71550989579855,819202035,14
2022-12-14 3:43:0,26.627876762431114,564555056#0,14
2022-12-14 3:43:0,47.621802935482044,700675428,14
2022-12-14 3:43:0,17.25942679637475,:4325417427_7,14
2022-12-14 3:43:0,51.69152023556878,939250965#0,14
2022-12-14 3:43:0,45.32315713970483,669890458#7,14
2022-12-14 3:43:0,35.489555572794245,:10143103202_2,14
2022-12-14 3:43:0,0.0,669890458#5,14
2022-12-14 3:43:0,52.33893462566891,858935315,14
2022-12-14 3:43:0,53.902853336739334,669890462#13,14
2022-12-14 3:43:0,41.58819747206717,-215628990#2,14
2022-12-14 3:43:0,52.30693250160711,:6572806030_4,14
2022-12-14 3:43:0,47.28614925691255,858935302,14
2022-12-14 3:43:0,47.600786380061265,-182371959#1,14
2022-12-14 3:44:0,50.2642572638437,819585395#1-AddedOnRampEdge,22
2022-12-14 3:44:0,44.849382450704105,850927448,22
2022-12-14 3:44:0,46.212575951109685,700673538,22
2022-12-14 3:44:0,34.56500453642008,564577990#0,22
2022-12-14 3:44:0,45.91359891558633,819202035,22
2022-12-14 3:44:0,47.871148220372596,-699921235#0,22
2022-12-14 3:44:0,45.03709780910545,-37796191#3,22
2022-12-14 3:44:0,44.57401129679789,41336031#8,22
2022-12-14 3:44:0,52.0841611577198,37789106,22
2022-12-14 3:44:0,35.911722500148656,669890462#2,22
2022-12-14 3:44:0,49.73208635936193,858915972#1,22
2022-12-14 3:44:0,28.511983631160472,:2265599265_9,22
2022-12-14 3:44:0,42.31731758929749,894539276#1,22
2022-12-14 3:44:0,50.989069449075096,37711813#3,22
2022-12-14 3:44:0,48.671711065404395,939250966#10-AddedOnRampEdge,22
2022-12-14 3:44:0,51.747237895664284,858935309,22
2022-12-14 3:44:0,53.054882224802846,:284141728_2,22
2022-12-14 3:44:0,28.667163719711077,701104139#1,22
2022-12-14 3:44:0,51.76036294602836,:543376982_0,22
2022-12-14 3:44:0,47.43679124416857,:278877523_0,22
2022-12-14 3:44:0,46.77945240415961,858915973#2-AddedOnRampEdge,22
2022-12-14 3:44:0,50.15415383134162,:6570399057_0,22
2022-12-14 3:45:0,49.481629141797114,37789107#3,25
2022-12-14 3:45:0,44.91076838690874,843949501,25
2022-12-14 3:45:0,43.96998099744563,850927457,25
2022-12-14 3:45:0,47.37751901842006,883292352#0,25
2022-12-14 3:45:0,43.65450134046011,939250965#0,25
2022-12-14 3:45:0,41.81971409569672,26253884#6,25
2022-12-14 3:45:0,0.0,669890462#13,25
2022-12-14 3:45:0,30.503444942301762,32226001#4,25
2022-12-14 3:45:0,45.97990427826566,:cluster_7937296083_8074011466_8074011468_0,25
2022-12-14 3:45:0,56.23125641988195,700074885#15,25
2022-12-14 3:45:0,40.026561388048776,669890462#11,25
2022-12-14 3:45:0,48.50524728079959,671744652#4,25
2022-12-14 3:45:0,37.87178974422473,217280778#1,25
2022-12-14 3:45:0,44.446841971808645,859375457#3-AddedOnRampEdge,25
2022-12-14 3:45:0,51.25289152660647,858935315,25
2022-12-14 3:45:0,51.23220981333247,939250970,25
2022-12-14 3:45:0,49.710035538796795,:314508359_4,25
2022-12-14 3:45:0,43.363824296240786,217280781#2,25
2022-12-14 3:45:0,55.273253309321575,25746572#4,25
2022-12-14 3:45:0,40.15659503772507,25746544#1,25
2022-12-14 3:45:0,42.916768960924436,700673538,25
2022-12-14 3:45:0,45.21337499990141,217280784#1,25
2022-12-14 3:45:0,50.14891647696568,:442350003_0,25
2022-12-14 3:45:0,50.341767032370555,669890458#3,25
2022-12-14 3:45:0,47.64766122144771,26195270#5,25
2022-12-14 3:46:0,45.55942983073269,:6570524684_1,27
2022-12-14 3:46:0,52.09933889733325,940974905#1,27
2022-12-14 3:46:0,46.63497942536452,35583974#1,27
2022-12-14 3:46:0,46.77616044521673,25746638#4,27
2022-12-14 3:46:0,43.65064072611054,:6574850841_0,27
2022-12-14 3:46:0,46.66150375373014,859375457#3-AddedOnRampEdge,27
2022-12-14 3:46:0,38.765060096547316,37796190#1,27
2022-12-14 3:46:0,44.01268651458613,-38329665#6,27
2022-12-14 3:46:0,43.853640380500764,701104139#1,27
2022-12-14 3:46:0,51.26139835547196,669890462#13,27
2022-12-14 3:46:0,44.19050049618853,26195744#4,27
2022-12-14 3:46:0,46.13503904688907,894550194#2,27
2022-12-14 3:46:0,60.1062273470366,28582639#5,27
2022-12-14 3:46:0,39.143907750240956,669890462#15,27
2022-12-14 3:46:0,49.53583757511973,765656381#3,27
2022-12-14 3:46:0,37.62877360904436,32690553#0,27
2022-12-14 3:46:0,43.757367044286404,178336809#9,27
2022-12-14 3:46:0,49.355262529028856,41336031#4,27
2022-12-14 3:46:0,48.889041341070545,37789102#1,27
2022-12-14 3:46:0,42.77960756749017,858935302,27
2022-12-14 3:46:0,37.12436212216156,669890458#7,27
2022-12-14 3:46:0,42.765473447739694,29982808#3,27
2022-12-14 3:46:0,48.38213226120628,859375452,27
2022-12-14 3:46:0,41.59034942811241,28582639#5,27
2022-12-14 3:46:0,50.83456592592484,25746544#3,27
2022-12-14 3:46:0,51.64165824512078,669890458#14,27
2022-12-14 3:46:0,46.70520230502946,669890462#13,27
2022-12-14 3:47:0,52.73487649369683,32691782#1,25
2022-12-14 3:47:0,48.88050462800391,772236620#14,25
2022-12-14 3:47:0,44.39481835503472,858935315,25
2022-12-14 3:47:0,42.774527732853414,669890458#7,25
2022-12-14 3:47:0,45.832017699445636,699863679#5,25
2022-12-14 3:47:0,41.50392439468941,700074885#15,25
2022-12-14 3:47:0,44.58176671441546,700673538,25
2022-12-14 3:47:0,48.6614900348622,:cluster_280771812_442349874_6572827950_6572827951_6894453662_13,25
2022-12-14 3:47:0,45.57184447767248,26202643#1,25
2022-12-14 3:47:0,45.54018575216447,182371968#3,25
2022-12-14 3:47:0,59.38844526374317,28582639#9,25
2022-12-14 3:47:0,52.85391715324792,:4325417427_2,25
2022-12-14 3:47:0,39.59609743745202,25746544#3,25
2022-12-14 3:47:0,37.61563706940461,-182371972,25
2022-12-14 3:47:0,16.71247807966713,25584593#1,25
2022-12-14 3:47:0,44.97172648256605,858935302,25
2022-12-14 3:47:0,48.10764591304427,41336031#10,25
2022-12-14 3:47:0,42.85553296678802,26195270#6-AddedOffRampEdge,25
2022-12-14 3:47:0,37.255507025473065,669890458#16,25
2022-12-14 3:47:0,39.99419437114111,28641433#4,25
2022-12-14 3:47:0,46.860148993019834,182371965#6,25
2022-12-14 3:47:0,40.923204453232486,28582639#9,25
2022-12-14 3:47:0,40.719044104293346,-26195744#9,25
2022-12-14 3:47:0,49.25666147642827,819585395#1-AddedOnRampEdge,25
2022-12-14 3:47:0,46.759568250087405,-25746588#11,25
2022-12-14 3:48:0,46.3053915962496,26253959#2,18
2022-12-14 3:48:0,48.39435533386969,37099917#3,18
2022-12-14 3:48:0,43.59303217749453,858935309,18
2022-12-14 3:48:0,42.596659004281015,699863679#5,18
2022-12-14 3:48:0,43.56605254808343,652096512#0,18
2022-12-14 3:48:0,18.83505762269286,694211551#1,18
2022-12-14 3:48:0,51.14856039316702,26203214#1-AddedOnRampEdge,18
2022-12-14 3:48:0,35.865759439758456,26195767#2,18
2022-12-14 3:48:0,50.90390061791061,:cluster_278876201_367870934_7,18
2022-12-14 3:48:0,40.74786325626035,26195270#7-AddedOffRampEdge,18
2022-12-14 3:48:0,50.829275345865916,890774197#1,18
2022-12-14 3:48:0,38.991194727677495,25584650#3,18
2022-12-14 3:48:0,37.83872653942207,819585395#1-AddedOnRampEdge,18
2022-12-14 3:48:0,46.380985753942525,-28641433#4,18
2022-12-14 3:48:0,29.184055860505794,-652088553#2,18
2022-12-14 3:48:0,47.73351515109534,858935315,18
2022-12-14 3:48:0,45.03163571746906,819585397,18
2022-12-14 3:48:0,49.99161937004945,940974902#0-AddedOffRampEdge,18
2022-12-14 3:49:0,11.141440618116597,-890031635,12
2022-12-14 3:49:0,47.5742161200416,-26729390#4,12
2022-12-14 3:49:0,42.17162692642093,894550195#2,12
2022-12-14 3:49:0,53.64695994111086,863793426#6,12
2022-12-14 3:49:0,49.534085906939644,700673538,12
2022-12-14 3:49:0,44.85585223479156,669890462#15,12
2022-12-14 3:49:0,48.102918872198366,-26195753#4,12
2022-12-14 3:49:0,40.25053498228128,26253996#2,12
2022-12-14 3:49:0,46.67903367957683,700074885#23-AddedOffRampEdge,12
2022-12-14 3:49:0,45.043097552600074,858935309,12
2022-12-14 3:49:0,40.858351708789144,-26253870#5,12
2022-12-14 3:49:0,38.481608355359775,:cluster_280771664_442349882_14,12
2022-12-14 3:50:0,45.549986976451045,32690553#2,14
2022-12-14 3:50:0,42.429442180937826,26729390#2,14
2022-12-14 3:50:0,43.00295360588942,819585395#14,14
2022-12-14 3:50:0,51.93112908300019,28641433#1,14
2022-12-14 3:50:0,52.836942768213724,-25746588#9,14
2022-12-14 3:50:0,49.81585449486722,669890458#16,14
2022-12-14 3:50:0,42.17023350016174,25746572#1,14
2022-12-14 3:50:0,34.25194217570141,32692020#5,14
2022-12-14 3:50:0,43.70336827923646,:cluster_6135315457_6570524667_6570524668_1,14
2022-12-14 3:50:0,42.55622225998553,:6574844037_4,14
2022-12-14 3:50:0,45.535912014011984,765656381#3,14
2022-12-14 3:50:0,46.167570084784636,700675428,14
2022-12-14 3:50:0,40.574522989847125,28582639#13,14
2022-12-14 3:50:0,47.27953964376296,:278877518_3,14
2022-12-14 3:51:0,50.09647609946484,700673538,12
2022-12-14 3:51:0,43.129562382896175,700074885#9,12
2022-12-14 3:51:0,49.08487800923212,939250966#10-AddedOnRampEdge,12
2022-12-14 3:51:0,55.10934755339791,37711813#1,12
2022-12-14 3:51:0,41.922963674598904,:26203214#4-AddedOffRampNode_0,12
2022-12-14 3:51:0,31.74733348655033,32690591#1,12
2022-12-14 3:51:0,46.58336316198694,669890462#15,12
2022-12-14 3:51:0,42.53907757621783,699630259#1,12
2022-12-14 3:51:0,44.79092425048234,-29909165,12
2022-12-14 3:51:0,46.937235305741886,:cluster_278876199_367216502_0,12
2022-12-14 3:51:0,41.21831526793389,:6568207668_0,12
2022-12-14 3:51:0,46.91728612073171,858935309,12
2022-12-14 3:52:0,49.12393535122441,217280770#4,8
2022-12-14 3:52:0,45.74022340935257,:cluster_6568148781_6572827960_6572827962_6884069715_8285723079_5,8
2022-12-14 3:52:0,45.817002457604175,:8700766893_2,8
2022-12-14 3:52:0,42.273343251083006,700673538,8
2022-12-14 3:52:0,47.09077146841796,25746572#2,8
2022-12-14 3:52:0,41.35280982029217,37099917#2,8
2022-12-14 3:52:0,41.54485943149625,28641563,8
2022-12-14 3:52:0,49.83290439816597,765656384#1,8
2022-12-14 3:53:0,45.55381820780759,26203214#3,8
2022-12-14 3:53:0,49.18516096944956,41336031#4,8
2022-12-14 3:53:0,42.223338466152505,883292352#1-AddedOffRampEdge,8
2022-12-14 3:53:0,38.20746103725765,32690576#0,8
2022-12-14 3:53:0,46.71764284142876,:cluster_442349879_6572827937_7,8
2022-12-14 3:53:0,40.617108096299354,26264286#3,8
2022-12-14 3:53:0,45.39287250335719,:6280342316_0,8
2022-12-14 3:53:0,43.581732963284836,-28641433#3,8
2022-12-14 3:54:0,39.59489912924078,-675093183#1,11
2022-12-14 3:54:0,5.469544797381387,41669755#3,11
2022-12-14 3:54:0,45.77863638018791,700675428,11
2022-12-14 3:54:0,36.02544321935749,-37719476#0,11
2022-12-14 3:54:0,49.63925110635692,-28616956#2,11
2022-12-14 3:54:0,49.33186944840512,41336031#9,11
2022-12-14 3:54:0,52.169030368986604,-215628990#2,11
2022-12-14 3:54:0,54.05622754355465,906984715#1,11
2022-12-14 3:54:0,41.109274778658495,700673538,11
2022-12-14 3:54:0,43.90050646530989,669890458#18-AddedOffRampEdge,11
2022-12-14 3:54:0,42.99275922174025,858935315,11
2022-12-14 3:55:0,53.86387987133789,38071249#3,16
2022-12-14 3:55:0,49.42630975637658,858935302,16
2022-12-14 3:55:0,49.710771700571904,25746595#3,16
2022-12-14 3:55:0,49.290422712110235,26195270#4,16
2022-12-14 3:55:0,48.074520637193444,700673538,16
2022-12-14 3:55:0,38.03071991496845,940974905#1,16
2022-12-14 3:55:0,52.00876010072762,819221586#0,16
2022-12-14 3:55:0,41.973578157567104,-215628990#2,16
2022-12-14 3:55:0,49.27432672239876,890774197#1,16
2022-12-14 3:55:0,51.18339651550824,701104139#4,16
2022-12-14 3:55:0,54.3345391216532,38329665#9,16
2022-12-14 3:55:0,51.8895263352668,885610134#4,16
2022-12-14 3:55:0,40.70884678027962,:492502670_2,16
2022-12-14 3:55:0,17.043638550527394,-26195753#1,16
2022-12-14 3:55:0,41.94820406938362,858935309,16
2022-12-14 3:55:0,46.60586866805953,32691561#6,16
2022-12-14 3:56:0,55.50093389546242,819202035,22
2022-12-14 3:56:0,50.83013954477746,26195753#4,22
2022-12-14 3:56:0,49.77394657685495,652130052,22
2022-12-14 3:56:0,50.85254109971135,26203214#4,22
2022-12-14 3:56:0,48.038402910476805,858915973#2,22
2022-12-14 3:56:0,47.0905224677703,564577984#5,22
2022-12-14 3:56:0,28.944823644074937,:2265599296_1,22
2022-12-14 3:56:0,36.20960016883104,41336031#4,22
2022-12-14 3:56:0,52.84150876421826,:885610134#4-AddedOffRampNode_0,22
2022-12-14 3:56:0,40.728763316015396,850927457,22
2022-12-14 3:56:0,29.427712009406115,:cluster_278875778_6574844055_4,22
2022-12-14 3:56:0,48.3614725252545,669890458#14,22
2022-12-14 3:56:0,51.28146863669815,29982808#3-AddedOnRampEdge,22
2022-12-14 3:56:0,51.57646841210618,38071249#3,22
2022-12-14 3:56:0,39.112764872776644,669890458#0,22
2022-12-14 3:56:0,52.30113206537945,819202035,22
2022-12-14 3:56:0,38.78048768094179,217280785#0,22
2022-12-14 3:56:0,44.70786156658991,:2400953160_0,22
2022-12-14 3:56:0,42.52020968184266,765656381#5,22
2022-12-14 3:56:0,47.989705635334076,858915973#2-AddedOnRampEdge,22
2022-12-14 3:56:0,48.555824098161445,850927453#1,22
2022-12-14 3:56:0,17.889745805444033,688162152,22
2022-12-14 3:57:0,55.96769408417608,939250966#10,20
2022-12-14 3:57:0,52.25493569141615,-26195753#4,20
2022-12-14 3:57:0,47.28182229419313,699691142,20
2022-12-14 3:57:0,52.16969593638464,701104139#6-AddedOffRampEdge,20
2022-12-14 3:57:0,47.1601599771312,:26203214#4-AddedOffRampNode_0,20
2022-12-14 3:57:0,36.739792091708026,41336031#8,20
2022-12-14 3:57:0,51.11274429322565,819202035,20
2022-12-14 3:57:0,43.59165748770597,564577984#4,20
2022-12-14 3:57:0,55.33915376027067,28582639#13,20
2022-12-14 3:57:0,46.764473275321215,669890462#5,20
2022-12-14 3:57:0,50.497997336766744,28641433#3,20
2022-12-14 3:57:0,55.428804104461584,885610134#4-AddedOffRampEdge,20
2022-12-14 3:57:0,42.2770866891633,669890458#7,20
2022-12-14 3:57:0,54.72185973369089,939250965#0,20
2022-12-14 3:57:0,43.11359910451784,700675428,20
2022-12-14 3:57:0,43.181728186033844,650714381#0,20
2022-12-14 3:57:0,45.25039215774898,858935315,20
2022-12-14 3:57:0,56.817553350412396,-182371959#1,20
2022-12-14 3:57:0,49.39373921480312,:4325417427_4,20
2022-12-14 3:57:0,0.0,-690623724#5,20
2022-12-14 3:58:0,55.370397462162416,669890462#11,23
2022-12-14 3:58:0,53.900885199293384,26195744#10,23
2022-12-14 3:58:0,21.23707928932978,:278876617_1,23
2022-12-14 3:58:0,18.920298001378093,:cluster_367884018_367885853_367886008_6568148769_5,23
2022-12-14 3:58:0,50.151671273726066,:29982808#3-AddedOnRampNode_0,23
2022-12-14 3:58:0,35.64132245063619,650705746,23
2022-12-14 3:58:0,46.19773411526965,701104139#6-AddedOffRampEdge,23
2022-12-14 3:58:0,34.784302046691394,41336031#12,23
2022-12-14 3:58:0,49.71612938488247,:2639671067_0,23
2022-12-14 3:58:0,22.048084160390125,26451056#3,23
2022-12-14 3:58:0,56.407341885258894,939250966#13,23
2022-12-14 3:58:0,39.906357314216166,25746572#4,23
2022-12-14 3:58:0,47.45451266308562,-25584575,23
2022-12-14 3:58:0,39.205124755357836,32226001#2,23
2022-12-14 3:58:0,52.5579409260892,939250966#10-AddedOnRampEdge,23
2022-12-14 3:58:0,34.84272136414423,-35584785#2,23
2022-12-14 3:58:0,41.196830720173494,669890458#16,23
2022-12-14 3:58:0,24.63981709397101,:6572780052_1,23
2022-12-14 3:58:0,42.565386819382894,28582639#5,23
2022-12-14 3:58:0,28.05875163387601,26206377#5,23
2022-12-14 3:58:0,58.75429831739432,858935302,23
2022-12-14 3:58:0,52.82435592731743,37718131#0,23
2022-12-14 3:58:0,30.14619914033264,:6570524732_1,23
2022-12-14 3:59:0,30.827461305369514,669890458#1-AddedOnRampEdge,16
2022-12-14 3:59:0,53.22357845377539,669890458#3,16
2022-12-14 3:59:0,51.44213830579779,652130052,16
2022-12-14 3:59:0,34.48576656292047,-564642358#0,16
2022-12-14 3:59:0,50.5179047513651,217280770#5,16
2022-12-14 3:59:0,51.17540985830002,858935302,16
2022-12-14 3:59:0,44.110255952008686,29982808#3-AddedOnRampEdge,16
2022-12-14 3:59:0,49.23103991127237,863793426#6,16
2022-12-14 3:59:0,48.63913353919879,765656381#3-AddedOnRampEdge,16
2022-12-14 3:59:0,22.793736651422115,819585395#7,16
2022-12-14 3:59:0,49.86063730946401,772236620#21-AddedOffRampEdge,16
2022-12-14 3:59:0,37.84714731096133,32659640#2,16
2022-12-14 3:59:0,42.13716313265241,28582639#7-AddedOffRampEdge,16
2022-12-14 3:59:0,60.68730627973482,25584535#5,16
2022-12-14 3:59:0,39.50237114093902,217280773#5,16
2022-12-14 3:59:0,57.28693162179838,671744652#2-AddedOnRampEdge,16
2022-12-14 4:0:0,55.72057830104265,25746544#1,17
2022-12-14 4:0:0,52.206191813086384,564577984#2,17
2022-12-14 4:0:0,18.844211653124905,858915973#2-AddedOnRampEdge,17
2022-12-14 4:0:0,52.504522320327894,37711813#3,17
2022-12-14 4:0:0,50.89015675598007,700673538,17
2022-12-14 4:0:0,54.01675130977169,652130052,17
2022-12-14 4:0:0,44.12209317976298,28641433#2,17
2022-12-14 4:0:0,48.12781631955511,:7937930785_0,17
2022-12-14 4:0:0,27.95843151195966,:cluster_280771664_442349882_14,17
2022-12-14 4:0:0,51.582299180877285,694211551#1-AddedOnRampEdge,17
2022-12-14 4:0:0,34.442619253293095,37099917#7,17
2022-12-14 4:0:0,49.6022064945999,939250978#1,17
2022-12-14 4:0:0,44.14775097896322,28582639#13,17
2022-12-14 4:0:0,29.102501346390365,652036314,17
2022-12-14 4:0:0,38.74301839186389,765656383#0-AddedOffRampEdge,17
2022-12-14 4:0:0,42.01597385057813,26203719#1,17
2022-12-14 4:0:0,53.23787957313757,-25584578#1,17
2022-12-14 4:1:0,54.161758618379345,-26202643#1,15
2022-12-14 4:1:0,50.65300197255573,940974905#1,15
2022-12-14 4:1:0,53.41568977322612,29982808#3,15
2022-12-14 4:1:0,43.98574714064232,25584589#5,15
2022-12-14 4:1:0,42.330851549830115,37099139#3,15
2022-12-14 4:1:0,41.93758007204341,26195767#3,15
2022-12-14 4:1:0,46.12653562954742,-25584555#1,15
2022-12-14 4:1:0,47.080748414557554,700675428,15
2022-12-14 4:1:0,57.03441651388988,858935315,15
2022-12-14 4:1:0,52.46996414079921,307882386#0,15
2022-12-14 4:1:0,44.204532824884865,700074885#5,15
2022-12-14 4:1:0,49.73640344749869,-182371959#2,15
2022-12-14 4:1:0,56.41327907902543,26195767#0,15
2022-12-14 4:1:0,40.139287707633784,858935302,15
2022-12-14 4:1:0,38.69938983921527,939250966#9,15
